{
  "fixed": {
    "B": [
      2.0,
      3.0,
      4.0,
      5.0,
      6.0
    ],
    "oracle": [
      0.7137499999999999,
      0.74125,
      0.75625,
      0.76375,
      0.7737499999999999
    ],
    "value": [
      0.7,
      0.71875,
      0.735,
      0.73875,
      0.75125
    ]
  },
  "uncertainty": {
    "B": [
      2.0,
      3.0,
      4.0,
      5.0,
      6.0
    ],
    "oracle": [
      0.7137499999999999,
      0.7424999999999999,
      0.7575000000000001,
      0.7625,
      0.7662500000000001
    ],
    "value": [
      0.705,
      0.72,
      0.7324999999999999,
      0.735,
      0.73875
    ]
  },
  "hardness": {
    "B": [
      2.0,
      3.0,
      4.0,
      5.0,
      6.0
    ],
    "oracle": [
      0.7125,
      0.74,
      0.74875,
      0.76375,
      0.77875
    ],
    "value": [
      0.705,
      0.72875,
      0.7324999999999999,
      0.74875,
      0.75875
    ]
  }
}