{
  "n_prompts": 32,
  "mean_TV": 0.5157781848560035,
  "median_TV": 0.5009461786694374,
  "end_reward_F1": 0.8058309037900875,
  "end_reward_acc": 0.6748046875,
  "length_MAE": 257.05900254903827
}