{
  "estop t=0.8": {
    "acc": [
      0.725,
      0.02041241452319317,
      3
    ],
    "oracle": [
      0.7416666666666667,
      0.011785113019775802,
      3
    ],
    "cost": [
      2305.6416666666664,
      147.0270444699055,
      3
    ],
    "latency": [
      356.425,
      12.214813411045892,
      3
    ]
  },
  "none": {
    "acc": [
      0.7083333333333334,
      0.011785113019775804,
      3
    ],
    "oracle": [
      0.8249999999999998,
      1.1102230246251565e-16,
      3
    ],
    "cost": [
      3944.0333333333333,
      105.928872231428,
      3
    ],
    "latency": [
      692.5583333333333,
      10.84190045866296,
      3
    ]
  },
  "prune": {
    "acc": [
      0.6833333333333332,
      0.01178511301977575,
      3
    ],
    "oracle": [
      0.7083333333333334,
      0.011785113019775802,
      3
    ],
    "cost": [
      1467.8916666666667,
      16.390346921960525,
      3
    ],
    "latency": [
      507.7833333333333,
      15.459898842561094,
      3
    ]
  },
  "util b=0.02": {
    "acc": [
      0.65,
      0.02041241452319317,
      3
    ],
    "oracle": [
      0.65,
      0.02041241452319317,
      3
    ],
    "cost": [
      1191.7,
      35.91093728471404,
      3
    ],
    "latency": [
      442.55,
      16.83760671829581,
      3
    ]
  }
}